Action,Page,Menu Group,Menu Option,Description,Image,ItemID,Top,Left
ADD,1,1,1,Fresh Produce,NULL,0,1,1
ADD,1,1,2,Cuisine de France,NULL,0,1,1
ADD,1,1,3,PayPoint / Payzone,NULL,0,1,1
ADD,1,1,4,Quicksell,NULL,0,1,1
ADD,1,1,5,Home News Delivery,NULL,0,117,233
ADD,1,2,1,Baking potatoes,/fresh_produce/bakingpotatoes.bmp,0000000004729,52,90
ADD,1,2,2,Braeburn apples,/fresh_produce/braeburnapples.bmp,0000000004101,52,190
ADD,1,2,3,Bramley apples,/fresh_produce/bramleyapples.bmp,0000000004210,52,290
ADD,1,2,4,Broccoli,/fresh_produce/broccoli.bmp,0000000004060,52,390
ADD,1,2,5,Carrots,/fresh_produce/carrots.bmp,0000000004562,52,490
ADD,1,2,6,Conference pears,/fresh_produce/pearsconference.bmp,0000000003017,52,590
ADD,1,2,7,Courgettes,/fresh_produce/courgettes.bmp,0000000004067,52,690
ADD,1,2,8,Fairtrade bananas,/fresh_produce/fairtradebananas.bmp,0000000007535,159,90
ADD,1,2,9,Leeks,/fresh_produce/leeks.bmp,0000000004629,159,190
ADD,1,2,10,Lemons,/fresh_produce/lemons.bmp,0000000004053,159,290
ADD,1,2,11,Limes,/fresh_produce/limes.bmp,0000000004048,159,390
ADD,1,2,12,Onions,/fresh_produce/onions-loose.bmp,0000000004093,159,490
ADD,1,2,13,Oranges,/fresh_produce/oranges.bmp,0000000004390,159,590
ADD,1,2,14,Parsnips,/fresh_produce/parsnipsloose.bmp,0000000004672,159,690
ADD,1,2,15,Pink lady apples,/fresh_produce/pinkladyapples.bmp,0000000004128,266,90
ADD,1,2,16,Red onions,/fresh_produce/onions-red.bmp,0000000004082,266,190
ADD,1,2,17,Red peppers,/fresh_produce/pepper-red.bmp,0000000004711,266,290
ADD,1,2,18,Royal gala apples,/fresh_produce/royalgalaapples.bmp,0000000004173,266,390
ADD,1,2,19,Snacking bananas,/fresh_produce/snackingbananas.bmp,0000000004238,266,490
ADD,2,2,1,Baking potatoes,/fresh_produce/bakingpotatoes.bmp,0000000004729,52,90
ADD,2,2,2,Braeburn apples,/fresh_produce/braeburnapples.bmp,0000000004101,52,190
ADD,2,2,3,Bramley apples,/fresh_produce/bramleyapples.bmp,0000000004210,52,290
ADD,2,2,4,Broccoli,/fresh_produce/broccoli.bmp,0000000004060,52,390
ADD,2,2,5,Brussels sprouts,/fresh_produce/brusselssproutsloose.bmp,0000000004550,52,490
ADD,2,2,6,Butternut squash,/fresh_produce/butternutsquash.bmp,0000000004759,52,590
ADD,2,2,7,Cameo apples,/fresh_produce/cameoapples.bmp,0000000003066,52,690
ADD,2,2,8,Carrots,/fresh_produce/carrots.bmp,0000000004562,159,90
ADD,2,2,9,Clementines,/fresh_produce/looseclementines.bmp,0000000004450,159,190
ADD,2,2,10,Close cup mushrooms,/fresh_produce/closecupmushroom.bmp,0000000004085,159,290
ADD,2,2,11,Comice pears,/fresh_produce/comicepears.bmp,0000000004414,159,390
ADD,2,2,12,Conference pears,/fresh_produce/pearsconference.bmp,0000000003017,159,490
ADD,2,2,13,Courgettes,/fresh_produce/courgettes.bmp,0000000004067,159,590
ADD,2,2,14,Cox apples,/fresh_produce/coxapples.bmp,0000000004105,159,690
ADD,2,2,15,Empire apples,/fresh_produce/empireapples.bmp,0000000004124,266,90
ADD,3,2,1,Fairtrade bananas,/fresh_produce/fairtradebananas.bmp,0000000007535,52,90
ADD,3,2,2,Flat mushrooms,/fresh_produce/flatmushroom.bmp,0000000004653,52,190
ADD,3,2,3,Forelle pears,/fresh_produce/forelle_pear.bmp,0000000004418,52,290
ADD,3,2,4,Fresh figs,/fresh_produce/figs.bmp,0000000004269,52,390
ADD,3,2,5,FT Grapefruit,/fresh_produce/ftgrapefruit.bmp,0000000004296,52,490
ADD,3,2,6,Golden delicious apples,/fresh_produce/goldendeliciousapples.bmp,0000000004021,52,590
ADD,3,2,7,Granny smith apples,/fresh_produce/applesgrannysmith.bmp,0000000004139,52,690
ADD,3,2,8,Grapefruit,/fresh_produce/loosegrapefruit.bmp,0000000004291,159,90
ADD,3,2,9,Green peppers,/fresh_produce/pepper-green.bmp,0000000004710,159,190
ADD,3,2,10,Imported new potatoes,/fresh_produce/importatednewpotatoes.bmp,0000000004728,159,290
ADD,3,2,11,Jersey royal potatoes,/fresh_produce/uknewpotatoes.bmp,0000000003173,159,390
ADD,4,2,1,Kiwi fruit,/fresh_produce/kiwi.bmp,0000000004030,52,90
ADD,4,2,2,Leeks,/fresh_produce/leeks.bmp,0000000004629,52,190
ADD,4,2,3,Lemons,/fresh_produce/lemons.bmp,0000000004053,52,290
ADD,4,2,4,Limes,/fresh_produce/limes.bmp,0000000004048,52,390
ADD,4,2,5,Mandarins,/fresh_produce/mandarins.bmp,0000000003030,52,490
ADD,4,2,6,Navel oranges,/fresh_produce/naveloranges.bmp,0000000004012,52,590
ADD,4,2,7,Nectarines,/fresh_produce/nectarines.bmp,0000000004379,52,690
ADD,4,2,8,Onions,/fresh_produce/onions-loose.bmp,0000000004093,159,90
ADD,4,2,9,Orange peppers,/fresh_produce/pepper-orange.bmp,0000000004712,159,190
ADD,4,2,10,Oranges,/fresh_produce/oranges.bmp,0000000004390,159,290
ADD,5,2,1,Parsnips,/fresh_produce/parsnipsloose.bmp,0000000004672,52,90
ADD,5,2,2,Pink lady apples,/fresh_produce/pinkladyapples.bmp,0000000004128,52,190
ADD,5,2,3,Plums,/fresh_produce/looseplums.bmp,0000000004040,52,290
ADD,5,2,4,Pomegranates,/fresh_produce/pomegranates.bmp,0000000004446,52,390
ADD,5,2,5,Red cabbage,/fresh_produce/redcabbage.bmp,0000000004554,52,490
ADD,5,2,6,Red onions,/fresh_produce/onions-red.bmp,0000000004082,52,590
ADD,5,2,7,Red peppers,/fresh_produce/pepper-red.bmp,0000000004711,52,690
ADD,5,2,8,Red seedless grapes,/fresh_produce/redgrapes.bmp,0000000004023,159,90
ADD,5,2,9,Rosemarie pears,/fresh_produce/rosemariepears.bmp,0000000003025,159,190
ADD,5,2,10,Royal gala apples,/fresh_produce/royalgalaapples.bmp,0000000004173,159,290
ADD,5,2,11,Rubens apples,/fresh_produce/rubensapple.bmp,0000000003615,159,390
ADD,5,2,12,Ruby red grapefruit,/fresh_produce/redgrapefruit.bmp,0000000004288,159,490
ADD,5,2,13,Russet apples,/fresh_produce/russetapples.bmp,0000000003009,159,590
ADD,5,2,14,Sharon fruit,/fresh_produce/sharonfruit.bmp,0000000004427,159,690
ADD,5,2,15,Snacking bananas,/fresh_produce/snackingbananas.bmp,0000000004238,266,90
ADD,5,2,16,Swede,/fresh_produce/swede.bmp,0000000004560,266,190
ADD,5,2,17,Sweet potatoes,/fresh_produce/sweetpotatoes.bmp,0000000004091,266,290
ADD,5,2,18,Tomatoes,/fresh_produce/tomatoes.bmp,0000000004063,266,390
ADD,5,2,19,Turnips,/fresh_produce/turnipsloose.bmp,0000000004813,266,490
ADD,6,2,1,UK new potatoes,/fresh_produce/uknewpotatoes.bmp,0000000004731,52,90
ADD,6,2,2,Welsh potatoes,/fresh_produce/potatoes.bmp,0000000004824,52,190
ADD,6,2,3,White cabbage,/fresh_produce/whitecabbage.bmp,0000000003050,52,290
ADD,6,2,4,White grapefruit,/fresh_produce/whitegrapefruit.bmp,0000000004293,52,390
ADD,6,2,5,White seedless grapes,/fresh_produce/whitegrapes.bmp,0000000004022,52,490
ADD,6,2,6,Yellow peppers,/fresh_produce/pepper-yellow.bmp,0000000004713,52,590
ADD,1,3,1,Apple Crown,/bakery/AppleCrown_PLU345.bmp,0000000000345,52,90
ADD,1,3,2,Brown Crusty Roll,/bakery/crusty_brown.bmp,0000000000155,52,190
ADD,1,3,3,Cheese Twist,/bakery/cheese_twists.bmp,0000000000193,52,290
ADD,1,3,4,Choc Easter Egg Muffin,/bakery/Choc_Easter_Egg_Muffin.bmp,0000000000676,52,390
ADD,1,3,5,Choc Hazelnut Croissant,/bakery/choc_hazel_croissant.bmp,0000000000592,52,490
ADD,1,3,6,Chocolate Twist,/bakery/chocolate_twist.bmp,0000000000078,52,590
ADD,1,3,7,Ciabatta Roll,/bakery/single_ciabatta.bmp,0000000000081,52,690
ADD,1,3,8,Cinnamon Swirl,/bakery/cinnamon_swirl.bmp,0000000000095,159,90
ADD,1,3,9,Croissant,/bakery/croissant.bmp,0000000000166,159,190
ADD,1,3,10,Demi Baguette,/bakery/demi_baguette.bmp,0000000000147,159,290
ADD,1,3,11,Fruit Scone,/bakery/fruit_scone.bmp,0000000000199,159,390
ADD,1,3,12,Maple Pecan Plait,/bakery/pecan.bmp,0000000000218,159,490
ADD,1,3,13,Medium Petit Pain,/bakery/medium_petit_pain.bmp,0000000000162,159,590
ADD,1,3,14,Multiseed Triangle,/bakery/multiseed.bmp,0000000000213,159,690
ADD,1,3,15,Pain au Chocolate,/bakery/pain_au_chocolate.bmp,0000000000189,266,90
ADD,1,3,16,Pain au Raisin,/bakery/pain_au_raisin.bmp,0000000000077,266,190
ADD,1,3,17,Pumpkin and Sunflower,/bakery/pumpkin_seed_roll.bmp,0000000000277,266,290
ADD,1,3,18,Tiger Roll,/bakery/tiger_roll.bmp,0000000000508,266,390
ADD,1,3,19,Vanilla Crown,/bakery/vanilla_crown.bmp,0000000001079,266,490
ADD,1,3,20,White Crusty Roll,/bakery/crusty_white.bmp,0000000000157,266,590
ADD,1,3,21,White Rustic Roll,/bakery/white_rustic_roll.bmp,0000000000163,266,690
ADD,1,3,22,Yum Yum,/bakery/Yum_Yum.bmp,0000000001037,373,90
ADD,2,3,1,Almond Croissant,/bakery/almond_croisant.bmp,0000000000082,52,90
ADD,2,3,2,Apple Crown,/bakery/AppleCrown_PLU345.bmp,0000000000345,52,190
ADD,2,3,3,Bakewell Tart,/bakery/BakewellTart.bmp,0000000000250,52,290
ADD,2,3,4,Carrot Cake,/bakery/Carrot_Cake_Muff.bmp,0000000000651,52,390
ADD,2,3,5,Cheese Twist,/bakery/cheese_twists.bmp,0000000000193,52,490
ADD,2,3,6,Choc Easter Egg Muffin,/bakery/Choc_Easter_Egg_Muffin.bmp,0000000000676,52,590
ADD,2,3,7,Choc Hazelnut Croissant,/bakery/choc_hazel_croissant.bmp,0000000000592,52,690
ADD,2,3,8,Chocolate Twist,/bakery/chocolate_twist.bmp,0000000000078,159,90
ADD,2,3,9,Ciabatta Roll,/bakery/single_ciabatta.bmp,0000000000081,159,190
ADD,2,3,10,Cinnamon Swirl,/bakery/cinnamon_swirl.bmp,0000000000095,159,290
ADD,2,3,11,Croissant,/bakery/croissant.bmp,0000000000166,159,390
ADD,2,3,12,Danish Pastry Raspberry,/bakery/Raspberry_Crown.bmp,0000000000695,159,490
ADD,2,3,13,Danish Pastry Goats Cheese,/bakery/Caramelised_Onion_and_Goats_Cheese_Crown.bmp,0000000000696,159,590
ADD,2,3,14,Demi Baguette,/bakery/demi_baguette.bmp,0000000000147,159,690
ADD,3,3,1,Focaccia - Tomato,/bakery/Tomato_and_Focaccia_Square.bmp,0000000000682,52,90
ADD,3,3,2,Fruit Scone,/bakery/fruit_scone.bmp,0000000000199,52,190
ADD,3,3,3,Jalapeno Roll,/bakery/Jalapeno_Roll.bmp,0000000000668,52,290
ADD,4,3,1,Maple Pecan Plait,/bakery/pecan.bmp,0000000000218,52,90
ADD,4,3,2,Medium Petit Pain,/bakery/medium_petit_pain.bmp,0000000000162,52,190
ADD,4,3,3,Muffin - Lemon Curd,/bakery/Lemon_Curd_Muffin.bmp,0000000000691,52,290
ADD,4,3,4,Muffin - Vic Sponge,/bakery/Victoria_Sponge_Muffin.bmp,0000000000694,52,390
ADD,4,3,5,Multiseed Triangle,/bakery/multiseed.bmp,0000000000213,52,490
ADD,4,3,6,Olive Bread Stick,/bakery/Olive_Bread_Stick.bmp,0000000000587,52,590
ADD,4,3,7,Olive Roll,/bakery/Kalamata_Olive_Roll.bmp,0000000000773,52,690
ADD,5,3,1,Pain au Chocolate,/bakery/pain_au_chocolate.bmp,0000000000189,52,90
ADD,5,3,2,Pain au Raisin,/bakery/pain_au_raisin.bmp,0000000000077,52,190
ADD,5,3,3,Pesto Whirl,/bakery/Pesto_Whirl.bmp,0000000000595,52,290
ADD,5,3,4,Pizza Swirly,/bakery/Pizza_Swirl.bmp,0000000000294,52,390
ADD,5,3,5,Poppy Seed Plait,/bakery/Poppy_Plait.bmp,0000000000793,52,490
ADD,5,3,6,Portuguese Cust Tart,/bakery/PortugueseCustTart.bmp,0000000000317,52,590
ADD,5,3,7,Pretzel,/bakery/cdf_pretzel.bmp,0000000000271,52,690
ADD,5,3,8,Pumpkin and Sunflower,/bakery/pumpkin_seed_roll.bmp,0000000000277,159,90
ADD,5,3,9,Sourdough Roll,/bakery/Sourdough_Roll.bmp,0000000000774,159,190
ADD,5,3,10,Tiger Roll,/bakery/tiger_roll.bmp,0000000000508,159,290
ADD,6,3,1,Vanilla Crown,/bakery/vanilla_crown.bmp,0000000001079,52,90
ADD,6,3,2,White Crusty Roll,/bakery/crusty_white.bmp,0000000000157,52,190
ADD,6,3,3,White Rustic Roll,/bakery/white_rustic_roll.bmp,0000000000163,52,290
ADD,6,3,4,Yum Yum,/bakery/Yum_Yum.bmp,0000000001037,52,390
ADD,1,4,1,Kaiser Roll - Poppy,NULL,0000000000710,65,30
ADD,1,4,2,Kaiser Roll - Sesame,NULL,0000000000711,65,135
ADD,1,4,3,Mixed Bap Selection,NULL,0000000000930,65,240
ADD,1,4,4,Batched Crusty Rolls,NULL,0000000001149,65,345
ADD,1,4,5,Brown Batched C-Rolls,NULL,0000000001198,65,450
ADD,1,4,6,Crosscut Batard,NULL,0000000000231,65,555
ADD,1,4,7,Continental Roll,NULL,0000000000232,153,30
ADD,1,4,8,Onion & Herb Roll,NULL,0000000000259,153,135
ADD,1,4,9,C-Berry & Rosemary Roll,NULL,0000000000260,153,240
ADD,1,4,10,Petit Pain,,0000000000964,153,345
ADD,1,4,11,Mini Petit Pain,NULL,0000000001136,153,450
ADD,1,4,12,Plain Bloomer SML,NULL,0000000000966,153,555
ADD,1,4,13,Plain Bloomer - LGE,NULL,0000000001197,241,30
ADD,1,4,14,Poppy Bloomer,NULL,0000000000969,241,135
ADD,1,4,15,White Splt Tin,NULL,0000000000655,241,240
ADD,1,4,16,"Wholemeal Tin ",NULL,0000000000662,241,345
ADD,1,4,17,White Tin Loaf,NULL,0000000000927,241,450
ADD,1,4,18,W/Meal Tin Loaf LGE,NULL,0000000000926,241,555
ADD,1,4,19,Malted Grain Petit Pain,NULL,0000000000988,329,30
ADD,1,4,20,White Soda Bread,NULL,0000000000261,329,135
ADD,1,4,21,Demi Baguette,NULL,0000000000963,329,240
ADD,1,4,22,Onion Baton,NULL,0000000001183,329,345
ADD,1,4,23,Trip Grain Demi Bag,NULL,0000000000968,329,450
ADD,1,4,24,Trip Grain Petit Pain,NULL,0000000000184,329,555
ADD,1,4,25,Grand Rustique,NULL,0000000000228,417,30
ADD,1,4,26,Pain Complet,NULL,0000000000230,417,135
ADD,1,4,27,Pain Rustique,NULL,0000000000229,417,240
ADD,1,4,28,Bouchon,NULL,0000000000967,417,345
ADD,1,4,29,W/Meal Hoagies,NULL,0000000000980,417,450
ADD,1,4,30,Bagel  -Onion,NULL,0000000000939,65,660
ADD,1,4,31,Poppy Cartwheel,NULL,0000000000257,153,660
ADD,1,4,32,Bagel - Plain,NULL,0000000000940,241,660
ADD,1,4,33,Bagel - Poppy,NULL,0000000000946,329,660
ADD,1,5,1,Apricot Open Danish,NULL,0000000000985,65,30
ADD,1,5,2,Cinamon Danish,NULL,0000000000974,65,135
ADD,1,5,3,Danish Whirl,NULL,0000000000984,65,240
ADD,1,5,4,Vanilla Cream Danish,NULL,0000000000975,65,345
ADD,1,5,5,Maple Pecan Danish,NULL,0000000000669,65,450
ADD,1,5,6,Toffee Apple Danish,NULL,0000000001195,65,555
ADD,1,5,7,Mixed Ice Donuts,NULL,0000000000931,153,30
ADD,1,5,8,Giant Jam Donut,NULL,0000000000235,153,135
ADD,1,5,9,Giant Ring Donut,NULL,0000000000236,153,240
ADD,1,5,10,Chocolate Crunch Donut,NULL,0000000000275,153,345
ADD,1,5,11,Toffee Crunch Donut,NULL,0000000000274,153,450
ADD,1,5,12,LGE Egg Custard,NULL,0000000000185,153,555
ADD,1,5,13,Pain au Chocolat,NULL,0000000000670,241,30
ADD,1,5,14,Croissant,NULL,0000000000191,241,135
ADD,1,5,15,Cherry Scone,NULL,0000000000986,241,240
ADD,1,5,16,Cheese Scone,NULL,0000000000929,241,345
ADD,1,5,17,Fruit Scone,NULL,0000000000987,241,450
ADD,1,5,18,Apple Lattice,NULL,0000000000656,241,555
ADD,1,5,19,Eccles Cake,NULL,0000000000183,329,30
ADD,1,5,20,Lge P/Pastry Apple t/over,NULL,0000000000186,241,660
ADD,1,5,21,Cherry/Almond Croq,NULL,0000000000911,153,660
ADD,1,5,22,Egg Custard,NULL,0000000000933,65,660
ADD,1,17,1,Paypoint,NULL,0000000000641,52,90
ADD,1,17,2,Paystation,NULL,0000000000867,52,190
ADD,1,17,3,PayZone,NULL,0000000000921,52,290
ADD,1,17,4,Powercard token - Payzone,NULL,0000000000928,52,390
ADD,5,17,1,Paypoint,NULL,0000000000641,52,90
ADD,5,17,2,Paystation,NULL,0000000000867,52,190
ADD,5,17,3,PayZone,NULL,0000000000921,52,290
ADD,5,17,4,Powercard token - Payzone,NULL,0000000000928,52,390
ADD,1,18,1,Pick n Mix,NULL,0000000001431,55,39
ADD,1,18,2,Postage Stamps,NULL,0,55,156
ADD,1,18,3,Spirit Miniatures,NULL,0,117,39
ADD,1,18,4,Greeting Cards via Hallmark,NULL,0,55,507
ADD,1,18,5,Greeting Cards via Carlton,NULL,0,55,390
ADD,1,18,6,Video Hire,NULL,0,241,39
ADD,1,18,7,Dry Cleaning,NULL,0000000000925,117,156
ADD,1,18,8,Photo Processing,NULL,0000000000944,179,156
ADD,1,18,9,London Travel Passes,NULL,0,179,39
ADD,1,18,10,tCG Photocopy,NULL,0000000000642,179,507
ADD,1,18,11,Alldays Photocopy,NULL,0000000000610,179,390
ADD,1,18,12,Home Delivery Under £25,NULL,0000000001260,117,390
ADD,1,18,13,Home Delivery Over £25,NULL,0000000001261,117,507
ADD,1,18,14,HND Sales,NULL,0000000000608,241,390
ADD,1,18,15,HND Charges,NULL,0000000000611,241,507
ADD,1,18,16,Video Hire - NEW,NULL,0,1,1
ADD,1,18,17,Paper Phone Cards,NULL,0,241,156
ADD,1,18,18,Utility Payments,NULL,0,303,39
ADD,1,18,19,THL,NULL,0000000000304,365,39
ADD,1,19,1,Delivery under £25,NULL,0000000001260,55,39
ADD,1,19,2,Delivery over £25,NULL,0000000001261,55,156
ADD,1,21,1,Bananas,NULL,0000000004011,55,39
ADD,1,21,2,Apples,NULL,0,55,156
ADD,1,21,3,Pears,NULL,0,55,273
ADD,1,21,4,Oranges   /   Lemons,NULL,0,55,390
ADD,1,21,5,Citrus,NULL,0,55,507
ADD,1,21,6,Soft Fruit,NULL,0,55,624
ADD,1,21,7,Stone Fruit,NULL,0,117,39
ADD,1,22,1,Potatoes,NULL,0,55,39
ADD,1,22,2,Turnips / Swedes,NULL,0,55,156
ADD,1,22,3,Onions,NULL,0,55,273
ADD,1,22,4,Garlic,NULL,0000000004610,55,390
ADD,1,22,5,Broccoli,NULL,0000000004060,55,507
ADD,1,22,6,Carrots,NULL,0000000004562,55,624
ADD,1,22,7,Courgettes,NULL,0000000004067,117,39
ADD,1,22,8,Leeks,NULL,0000000004629,117,156
ADD,1,22,9,Parsnips,NULL,0000000004672,117,273
ADD,1,22,10,Brussel Sprouts,NULL,0000000004550,117,390
ADD,1,22,11,Cauliflower / Cabbage,NULL,0,117,507
ADD,1,22,12,Mushrooms,NULL,0,117,624
ADD,1,22,13,Tomatoes,NULL,0,179,39
ADD,1,22,14,Peppers,NULL,0,179,156
ADD,1,23,1,Butternut Squash,NULL,0000000004759,55,39
ADD,1,23,2,Pome - granate,NULL,0000000004446,55,156
ADD,1,23,3,Sweet Potatoes,NULL,0000000004091,55,273
ADD,1,23,4,Pineapple Half,NULL,0000000003171,55,390
ADD,1,25,1,Braeburn,NULL,0000000004101,55,39
ADD,1,25,2,Bramley,NULL,0000000004217,55,156
ADD,1,25,3,Golden Delicious,NULL,0000000004021,55,273
ADD,1,25,4,Granny Smith,NULL,0000000004139,55,390
ADD,1,25,5,Pink Lady,NULL,0000000004173,55,507
ADD,1,25,6,Cox,NULL,0000000004105,55,624
ADD,1,25,7,Russett,NULL,0000000003009,117,39
ADD,1,25,8,USA Empire,NULL,0000000004124,117,156
ADD,1,25,9,Mac Red,NULL,0000000004152,117,273
ADD,1,25,10,Jonagold,NULL,0000000004145,117,390
ADD,1,25,11,Washingtn Red Dels,NULL,0000000004015,117,507
ADD,1,26,1,Packham,NULL,0000000004421,55,39
ADD,1,26,2,Conference,NULL,0000000003017,55,156
ADD,1,26,3,Comice,NULL,0000000004414,55,273
ADD,1,26,4,Rocha,NULL,0000000003024,55,390
ADD,1,26,5,Red Anjou,NULL,0000000004417,55,507
ADD,1,27,1,Lemons,NULL,0000000004053,55,39
ADD,1,27,2,Satsumas,NULL,0000000003029,55,156
ADD,1,27,3,Clems,NULL,0000000004450,55,273
ADD,1,27,4,Navel,NULL,0000000004012,55,390
ADD,1,28,1,G-Fruit Ruby Red Lge,NULL,0000000004288,55,39
ADD,1,28,2,G-Fruit White Med,NULL,0000000004291,55,156
ADD,1,28,3,G-Fruit White Sml,NULL,0000000004635,55,273
ADD,1,28,4,Limes,NULL,0000000004048,55,390
ADD,1,29,1,Grapes Flame Red,NULL,0000000004023,55,39
ADD,1,29,2,Grapes White   S-less,NULL,0000000004022,55,156
ADD,1,29,3,Grapes Red S-less,NULL,0000000004635,55,273
ADD,1,29,4,Kiwi Fruit,NULL,0000000004030,55,390
ADD,1,30,1,Plums,NULL,0000000004040,55,39
ADD,1,30,2,Figs,NULL,0000000004269,55,156
ADD,1,31,1,Baking Pots,NULL,0000000004729,55,39
ADD,1,31,2,Bkr Mkt Selection,NULL,0000000004833,55,156
ADD,1,31,3,Ware Mkt Selection,NULL,0000000004828,55,273
ADD,1,31,4,Imported New,NULL,0000000004728,55,390
ADD,1,32,1,Turnip,NULL,0000000004813,55,39
ADD,1,32,2,Swede,NULL,0000000004748,55,156
ADD,1,32,3,Swede Half,NULL,0000000004821,55,273
ADD,1,33,1,Loose Onions,NULL,0000000004554,55,39
ADD,1,33,2,Large Mild Onions,NULL,0000000003050,55,156
ADD,1,33,3,Red Onions,NULL,0000000004557,55,273
ADD,1,34,1,Red Cabbage,NULL,0000000004554,55,39
ADD,1,34,2,White Cabbage,NULL,0000000003050,55,156
ADD,1,34,3,Savoy - half,NULL,0000000004557,55,273
ADD,1,35,1,Closed Cup,NULL,0000000004085,55,39
ADD,1,35,2,Flat,NULL,0000000004653,55,156
ADD,1,36,1,Loose Toms,NULL,0000000004063,55,39
ADD,1,36,2,Beef Toms,NULL,0000000003061,55,156
ADD,1,37,1,Green Pepper,NULL,0000000004710,55,39
ADD,1,37,2,Red Pepper,NULL,0000000004711,55,156
ADD,1,37,3,Orange Pepper,NULL,0000000004712,55,273
ADD,1,37,4,Yellow Pepper,NULL,0000000004713,55,390
ADD,1,38,1,RM 2nd Class 12's,NULL,5014721112299,52,90
ADD,1,38,2,RM 1st Class 6's,NULL,5014721112268,52,190
ADD,1,38,3,RM 1st Class 4's,NULL,5014721120638,52,290
ADD,1,38,4,RM 2nd Class 4's,NULL,5014721120645,52,390
ADD,1,38,5,RM Xmas 1st Class 12's,NULL,5014721139241,52,490
ADD,1,38,6,RM Xmas 2nd Class 12's,NULL,5014721139272,52,590
ADD,5,38,1,RM 2nd Class 12's,NULL,5014721112299,52,90
ADD,5,38,2,RM 1st Class 6's,NULL,5014721112268,52,190
ADD,5,38,3,RM 1st Class 4's,NULL,5014721120638,52,290
ADD,5,38,4,RM 2nd Class 4's,NULL,5014721120645,52,390
ADD,5,38,5,RM Xmas 1st Class 12's,NULL,5014721139241,52,490
ADD,5,38,6,RM Xmas 2nd Class 12's,NULL,5014721139272,52,590
ADD,1,39,1,Archers Peach Schnapps,NULL,0000000000474,55,39
ADD,1,39,2,Baileys Irish Cream,NULL,0000000000475,55,156
ADD,1,39,3,Cointreau,NULL,0000000000476,55,273
ADD,1,39,4,Jack Daniels,NULL,0000000000492,55,390
ADD,1,39,5,Southern Comfort,NULL,0000000000493,55,507
ADD,1,39,6,Talisker,NULL,0000000000590,55,624
ADD,1,39,9,Poit Dhubh 8 Yr,NULL,0000000000591,117,273
ADD,1,39,10,Poit Dhubh 12 Yr,NULL,0000000000592,117,390
ADD,1,39,11,Martell VS Cognac,NULL,0000000000672,117,507
ADD,1,39,12,Glenfiddich,NULL,0000000000673,117,624
ADD,1,39,13,Glen - morangie,NULL,0000000000674,117,39
ADD,1,39,14,Drambuie,NULL,0000000000675,117,156
ADD,1,39,16,More,NULL,0,179,390
ADD,1,40,1,Bacardi C/Blanca Rum,NULL,0000000000676,55,39
ADD,1,40,2,Teachers Whisky,NULL,0000000000677,55,156
ADD,1,40,3,Famous Grouse,NULL,0000000000678,55,273
ADD,1,40,4,Gordons Gin,NULL,0000000000679,55,390
ADD,1,40,9,Bells Whisky,NULL,0000000000680,117,39
ADD,1,40,10,Morgans Rum,NULL,0000000000681,117,156
ADD,1,40,11,Smirnoff R/Label Vodka,NULL,0000000000682,117,273
ADD,1,40,12,J Walker B/Label,NULL,0000000000683,117,390
ADD,1,41,1,Everyday 15 - 275,NULL,0,55,39
ADD,1,41,3,Wrap etc,NULL,0,55,273
ADD,1,41,7,Everyday 300 - 575,NULL,0,55,156
ADD,1,42,1,Childrens Video 99p,NULL,0000000000802,55,80
ADD,1,42,2,Top Title Video £1.99,NULL,0000000000803,55,158
ADD,1,42,3,New Release Vid £2.99,NULL,0000000000806,55,236
ADD,1,42,4,Childrens DVD £1.25,NULL,0000000000809,55,314
ADD,1,42,5,Top Title DVD £2.25,NULL,0000000000811,55,392
ADD,1,42,6,New Release DVD £3.25,NULL,0000000000814,55,470
ADD,1,42,7,Childrens Video 49p,NULL,0000000000801,105,80
ADD,1,42,8,Top Title Video £1.49,NULL,0000000000804,105,158
ADD,1,42,9,New Release Vid £2.49,NULL,0000000000807,105,236
ADD,1,42,10,Childrens DVD .75,NULL,0000000000810,105,314
ADD,1,42,11,Top Title DVD £1.75,NULL,0000000000812,105,392
ADD,1,42,12,New Release DVD £2.75,NULL,0000000000815,105,470
ADD,1,42,13,Movie Nights Fine,NULL,0000000000612,155,704
ADD,1,42,14,Top Title Video .99,NULL,0000000000805,155,158
ADD,1,42,15,New Release Vid £1.99,NULL,0000000000808,155,236
ADD,1,42,16,Top Title DVD £1.25,NULL,0000000000813,155,392
ADD,1,42,17,New Release DVD £2.25,NULL,0000000000816,155,470
ADD,1,42,18,Hire Via Video Box,NULL,0000000001168,55,704
ADD,1,43,1,Bus Pass - Daily,NULL,0000000000745,55,39
ADD,1,43,2,Bus Pass - Weekly,NULL,0000000000746,55,156
ADD,1,43,3,Bus Pass - Monthly,NULL,0000000000747,55,273
ADD,1,43,4,Bus Pass - Off Peak,NULL,0000000000748,55,390
ADD,1,44,1,Everyday 15 - 250,NULL,0,55,39
ADD,1,44,2,0,NULL,0,1,1
ADD,1,44,3,Everyday 275 - 575,NULL,0,55,156
ADD,1,44,4,Wrap etc.,NULL,0,55,273
ADD,1,45,1,15,NULL,0000000001315,55,39
ADD,1,45,2,25,NULL,0000000001325,55,156
ADD,1,45,3,30,NULL,0000000001330,55,273
ADD,1,45,4,35,NULL,0000000001335,55,390
ADD,1,45,5,40,NULL,0000000001340,55,507
ADD,1,45,6,45,NULL,0000000001345,55,624
ADD,1,45,7,50,NULL,0000000001350,117,39
ADD,1,45,8,60,NULL,0000000001361,117,156
ADD,1,45,9,75,NULL,0000000001375,117,273
ADD,1,45,10,90,NULL,0000000001390,117,390
ADD,1,45,11,100,NULL,0000000001391,117,507
ADD,1,45,12,125,NULL,0000000001392,117,624
ADD,1,45,13,150,NULL,0000000001393,179,39
ADD,1,45,14,200,NULL,0000000001394,179,156
ADD,1,45,15,250,NULL,0000000001395,179,273
ADD,1,46,1,275,NULL,0000000001396,55,39
ADD,1,46,2,300,NULL,0000000001397,55,156
ADD,1,46,3,510,NULL,0000000001310,55,273
ADD,1,46,4,520,NULL,0000000001321,55,390
ADD,1,46,5,530,NULL,0000000001351,55,507
ADD,1,46,6,540,NULL,0000000001341,117,39
ADD,1,46,7,550,NULL,0000000001352,117,156
ADD,1,46,8,554,NULL,0000000001354,117,273
ADD,1,46,9,560,NULL,0000000001362,117,390
ADD,1,46,10,575,NULL,0000000001376,117,507
ADD,1,47,1,Carlton Small Bows,NULL,0000000001304,55,39
ADD,1,47,2,Carlton Large Bows,NULL,0000000001308,55,156
ADD,1,47,3,Carlton Gift Tags,NULL,0000000001353,55,273
ADD,1,47,4,Carlton Sheet Wrap,NULL,0000000001385,55,390
ADD,1,47,5,Carlton Wrap & Tag,NULL,0000000001322,55,507
ADD,1,47,6,Carlton Cards Roll Wrap 1,NULL,0000000001332,55,624
ADD,1,47,7,Carlton Cards Roll Wrap 2,NULL,0000000001370,117,39
ADD,1,47,8,Gift Bag Code 872,NULL,0000000001372,117,156
ADD,1,47,9,Gift Bag Code 874,NULL,0000000001374,117,273
ADD,1,47,10,Gift Bag Code 894,NULL,0000000001398,117,390
ADD,1,47,11,Wedding Confetti,NULL,0000000001318,117,507
ADD,1,47,12,Confetti Bows,NULL,0000000001331,117,624
ADD,1,56,1,Hot Chocolate,NULL,0000000000018,52,90
ADD,1,56,2,Tea,NULL,0000000001587,159,90
ADD,1,56,3,Coffee,NULL,0000000001237,266,90
ADD,1,56,4,CandyKing Pick'n'Mix,NULL,0000000001431,52,190
ADD,1,56,5,Sml Slush Puppies,NULL,0000000001154,52,290
ADD,1,56,6,Med Slush Puppies,NULL,0000000001153,159,290
ADD,1,56,7,Lge Slush Puppies,NULL,0000000001152,266,290
ADD,1,56,8,Cornetto CChip 145ml,NULL,0000000000783,52,390
ADD,1,56,9,Cornetto Choc 145ml,NULL,0000000000781,159,390
ADD,1,56,10,Cornetto Sberry 145ml,NULL,0000000000782,266,390
ADD,1,56,11,Cornetto Van 145ml,NULL,0000000000780,373,390
ADD,1,56,12,Home Delivery Under £25,NULL,0000000001260,52,490
ADD,1,56,13,Home Delivery Over £25,NULL,0000000001261,159,490
ADD,1,56,14,Bag For Life Swap,NULL,0000000000644,52,590
ADD,1,56,15,Barrs Bottle Return,NULL,5000128506717,159,590
ADD,1,56,16,Cash Member Voucher,NULL,0000000000000,266,590
ADD,1,56,17,Saving Stamps,NULL,0000000000000,373,590
ADD,1,56,18,tCG Photocopy,NULL,0000000000642,52,690
ADD,1,56,19,Utility Payments,NULL,NULL,159,690
ADD,1,56,20,Forecourt Services,NULL,0000000000000,373,690
ADD,1,56,21,Postage Stamps,NULL,NULL,266,690
ADD,2,56,1,Bag For Life Swap,NULL,0000000000644,52,90
ADD,2,56,2,Barrs Bottle Return,NULL,5000128506717,52,190
ADD,2,56,3,CandyKing Pick'n'Mix,NULL,0000000001431,52,290
ADD,2,56,4,Cash Member Voucher,NULL,0000000000000,52,390
ADD,2,56,5,Coffee,NULL,0000000001237,52,490
ADD,2,56,6,Cornetto CChip 145ml,NULL,0000000000783,52,590
ADD,2,56,7,Cornetto Choc 145ml,NULL,0000000000781,52,690
ADD,2,56,8,Cornetto Sberry 145ml,NULL,0000000000782,159,90
ADD,2,56,9,Cornetto Van 145ml,NULL,0000000000780,159,190
ADD,3,56,1,Forecourt Services,NULL,0000000000000,52,90
ADD,3,56,2,Home Delivery Over £25,NULL,0000000001261,52,190
ADD,3,56,3,Home Delivery Under £25,NULL,0000000001260,52,290
ADD,3,56,4,Hot Chocolate,NULL,0000000000018,52,390
ADD,4,56,1,Lge Slush Puppies,NULL,0000000001152,52,90
ADD,4,56,2,Med Slush Puppies,NULL,0000000001153,52,190
ADD,5,56,1,Postage Stamps,NULL,NULL,52,90
ADD,5,56,2,Saving Stamps,NULL,0000000000000,52,190
ADD,5,56,3,Sml Slush Puppies,NULL,0000000001154,52,290
ADD,5,56,4,tCG Photocopy,NULL,0000000000642,52,390
ADD,5,56,5,Tea,NULL,0000000001587,52,490
ADD,6,56,1,Utility Payments,NULL,NULL,52,90
ADD,1,57,1,Air,NULL,0000000000533,52,90
ADD,1,57,2,Car Vacuum,NULL,0000000000532,52,190
ADD,1,57,3,Car Wash,NULL,0000000000530,52,290
ADD,1,57,4,Jet Wash,NULL,0000000000531,52,390
ADD,2,57,1,Air,NULL,0000000000533,52,90
ADD,2,57,2,Car Vacuum,NULL,0000000000532,52,190
ADD,2,57,3,Car Wash,NULL,0000000000530,52,290
ADD,3,57,1,Jet Wash,NULL,0000000000531,52,90
ADD,1,58,1,RTP Unleaded,NULL,0000000000556,55,39
ADD,1,58,2,RTP Diesel,NULL,0000000000557,55,156
ADD,1,58,3,RTP Super Unleaded,NULL,0000000000558,55,273
ADD,1,58,4,RTP LPG,NULL,0000000000559,55,390
ADD,1,58,5,RTP Super Diesel,NULL,0000000000560,55,507
ADD,1,60,1,15,NULL,0000000001015,55,39
ADD,1,60,2,25,NULL,0000000001025,55,156
ADD,1,60,3,30,NULL,0000000001030,55,273
ADD,1,60,4,35,NULL,0000000001035,55,390
ADD,1,60,5,40,NULL,0000000001040,55,507
ADD,1,60,6,45,NULL,0000000001045,55,624
ADD,1,60,7,50,NULL,0000000001050,117,39
ADD,1,60,8,60,NULL,0000000001060,117,156
ADD,1,60,9,75,NULL,0000000001075,117,273
ADD,1,60,10,90,NULL,0000000001090,117,390
ADD,1,60,11,100,NULL,0000000001100,117,507
ADD,1,60,12,125,NULL,0000000001125,117,624
ADD,1,60,13,150,NULL,0000000001150,179,39
ADD,1,60,14,200,NULL,0000000001200,179,156
ADD,1,60,15,250,NULL,0000000001250,179,273
ADD,1,60,16,275,NULL,0000000001275,179,390
ADD,1,70,1,15,NULL,0000000001015,55,39
ADD,1,70,2,25,NULL,0000000001025,55,156
ADD,1,70,3,30,NULL,0000000001030,55,273
ADD,1,70,4,35,NULL,0000000001035,55,390
ADD,1,70,5,40,NULL,0000000001040,55,507
ADD,1,70,6,45,NULL,0000000001045,55,624
ADD,1,70,7,50,NULL,0000000001050,117,39
ADD,1,70,8,60,NULL,0000000001060,117,156
ADD,1,70,9,70,,0000000001070,117,273
ADD,1,70,10,75,,0000000001075,117,390
ADD,1,70,11,90,,0000000001090,117,507
ADD,1,70,12,100,,0000000001100,117,624
ADD,1,70,13,125,,0000000001125,179,39
ADD,1,70,14,150,,0000000001150,179,156
ADD,1,70,15,200,,0000000001200,179,273
ADD,1,70,16,250,,0000000001250,179,390
ADD,1,70,17,275,,0000000001275,179,507
ADD,1,71,1,Vodafone £5,NULL,5035344101613,117,116
ADD,1,71,2,Vodafone £10,NULL,5055015200384,117,233
ADD,1,71,3,Vodafone £15,NULL,5035344101651,117,350
ADD,1,71,4,Vodafone £25,NULL,5035344101699,117,467
ADD,1,72,1,Orange £10,NULL,5027141489568,117,116
ADD,1,73,1,T-Mobile £10,NULL,5025743000334,117,116
ADD,1,73,2,T-Mobile £20,NULL,5025743000365,117,233
ADD,1,74,1,02 £10,NULL,5038262002505,117,116
ADD,1,74,2,02 £15,NULL,5038262002512,117,233
ADD,1,74,3,02 £20,NULL,5038262002529,117,350
ADD,1,75,1,Virgin £10,NULL,5025743000433,117,116
ADD,1,75,2,Virgin £20,NULL,5025743000464,117,233
ADD,1,76,1,Vodafone,NULL,5035344101613,117,584
ADD,1,76,2,Orange,NULL,5035344101613,117,467
ADD,1,76,3,T-Mobile,NULL,5035344101651,117,116
ADD,1,76,4,O2,NULL,5035344101699,117,233
ADD,1,76,5,Virgin,NULL,5035344101699,117,350
ADD,1,80,1,15,NULL,0000000001015,55,39
ADD,1,80,2,25,NULL,0000000001025,55,156
ADD,1,80,3,30,NULL,0000000001030,55,273
ADD,1,80,4,35,NULL,0000000001035,55,390
ADD,1,80,5,40,NULL,0000000001040,55,507
ADD,1,80,6,45,NULL,0000000001045,55,624
ADD,1,80,7,50,NULL,0000000001050,117,39
ADD,1,80,8,60,NULL,0000000001060,117,156
ADD,1,80,9,75,NULL,0000000001075,117,273
ADD,1,80,10,90,NULL,0000000001090,117,390
ADD,1,80,11,100,NULL,0000000001100,117,507
ADD,1,80,12,125,NULL,0000000001125,117,624
ADD,1,80,13,150,NULL,0000000001150,179,39
ADD,1,80,14,200,NULL,0000000001200,179,156
ADD,1,80,15,250,NULL,0000000001250,179,273
ADD,1,80,16,275,NULL,0000000001275,179,390
ADD,1,90,1,2 sheets / 2 tags,NULL,0000000001018,55,39
ADD,1,90,2,Gift Tags Premium,NULL,0000000001268,55,156
ADD,1,90,3,Rollwrap,NULL,0000000001277,55,273
ADD,1,90,4,Gift Bags VAL SML,NULL,0000000001278,55,390
ADD,1,90,5,Gift Bags VAL MED,NULL,0000000001279,55,507
ADD,1,90,6,Gift Bags VAL LGE,NULL,0000000001280,55,624
ADD,1,90,7,Gift Bags VAL BOTT,NULL,0000000001281,117,39
ADD,1,100,1,300,NULL,0000000001300,55,39
ADD,1,100,2,510,NULL,0000000001510,55,156
ADD,1,100,3,520,NULL,0000000001520,55,273
ADD,1,100,4,530,NULL,0000000001530,55,390
ADD,1,100,5,540,NULL,0000000001540,55,507
ADD,1,100,6,550,NULL,0000000001550,55,624
ADD,1,100,7,554,NULL,0000000001554,117,39
ADD,1,100,8,560,NULL,0000000001560,117,156
ADD,1,100,9,575,NULL,0000000001575,117,273
ADD,1,101,1,300,NULL,0000000001300,55,39
ADD,1,101,2,510,NULL,0000000001510,55,156
ADD,1,101,3,520,NULL,0000000001520,55,273
ADD,1,101,4,530,NULL,0000000001530,55,390
ADD,1,101,5,540,NULL,0000000001540,55,507
ADD,1,101,6,550,NULL,0000000001550,55,624
ADD,1,101,7,554,NULL,0000000001554,117,39
ADD,1,101,8,560,NULL,0000000001560,117,156
ADD,1,101,9,575,NULL,0000000001575,117,273
ADD,1,400,1,Rolls,NULL,0,55,39
ADD,1,400,2,Loaves,NULL,0,55,156
ADD,1,400,3,Baguettes,NULL,0,55,273
ADD,1,400,4,Other,NULL,0,55,390
ADD,1,400,5,Danish,NULL,0,120,39
ADD,1,400,6,Donut,NULL,0,120,156
ADD,1,400,7,Muffin,NULL,0,120,273
ADD,1,400,8,Scone,NULL,0,120,390
ADD,1,400,9,Cakes,NULL,0,120,507
ADD,1,5000,1,E-Topup,C:\infront\Images\EPayment\TopUp.bmp,,100,125
ADD,1,5000,2,E Vouchers & International Calling Cards,NULL,,100,325
ADD,1,5000,3,Congestion Charge,C:\infront\Images\EPayment\CongestionCharge.bmp,,100,525
ADD,1,6000,1,"3G                      ",,,100,150
ADD,1,6000,2,"ASDA Mobile             ",,,100,275
ADD,1,6000,3,"BT                      ",,,100,400
ADD,1,6000,4,"CARPHONE WAREHOUSE      ",,,100,525
ADD,1,6000,5,"GT MOBILE               ",,,215,150
ADD,1,6000,6,"IDT                     ",,,215,275
ADD,1,6000,7,"Lebara Mobile           ",,,215,400
ADD,1,6000,8,"NOMI                    ",,,215,525
ADD,1,6000,9,"O2                      ",,,330,150
ADD,1,6000,10,"ORANGE                  ",,,330,275
ADD,1,6000,11,"Sochitel                ",,,330,400
ADD,1,6000,12,"TALK MOBILE             ",,,330,525
ADD,1,6000,13,"TESCO MOBILE            ",,,445,150
ADD,1,6000,14,"T-MOBILE                ",,,445,275
ADD,1,6000,15,"VIRGIN MOBILE           ",,,445,400
ADD,1,6000,16,"VODAFONE                ",,,445,525
ADD,1,6001,1,"TALK MOBILE                             ",,,100,150
ADD,1,6002,1,"LEBARA MOBILE                           ",,,100,150
ADD,1,6003,1,"IDT MOBILE                              ",,,100,150
ADD,1,6004,1,"GT MOBILE                               ",,,100,150
ADD,1,6005,1,"FRESH MOBILE                            ",,,100,150
ADD,1,6005,2,"Mobile World                            ",,,100,275
ADD,1,6005,3,"TALKTALK                                ",,,100,400
ADD,1,6006,1,"T-Mobile Top-Up Voucher                 ",,,100,150
ADD,1,6007,1,"O2 e-Voucher                            ",,,100,150
ADD,1,6008,1,"Vodafone £10 Text Pack                  ",,,100,150
ADD,1,6008,2,"Vodafone £15 Text Pack                  ",,,100,275
ADD,1,6008,3,"Vodafone £15 Voice Pack                 ",,,100,400
ADD,1,6008,4,"Vodafone £20 Text Pack                  ",,,100,525
ADD,1,6008,5,"Vodafone £25 Voice Pack                 ",,,215,150
ADD,1,6008,6,"Vodafone £5 Text Pack                   ",,,215,275
ADD,1,6008,7,"Vodafone e-vouchers                     ",,,215,400
ADD,1,6009,1,"Virgin Mobile e-Voucher                 ",,,100,150
ADD,1,6010,1,"BT TOP UP                               ",,,100,150
ADD,1,6011,1,"NOMI - MOBILE                           ",,,100,150
ADD,1,6012,1,"PAY AS YOU GO TOPUP                     ",,,100,150
ADD,1,6013,1,"3G E-VOUCHER                            ",,,100,150
ADD,1,6014,1,"SOCHITEL MTN NIGERIA                    ",,,100,150
ADD,1,6015,1,"TESCO MOBILE                            ",,,100,150
ADD,1,6016,1,"Orange e-Voucher                        ",,,100,150
ADD,1,6016,2,"TALK EXTRA 300                          ",,,100,275
ADD,1,6016,3,"TEXT EXTRA 100 (1 MONTH)                ",,,100,400
ADD,1,6016,4,"TEXT EXTRA 150                          ",,,100,525
ADD,1,6016,5,"TEXT EXTRA 150 (1 WEEK)                 ",,,215,150
ADD,1,6016,6,"TEXT EXTRA 20 (1 DAY)                   ",,,215,275
ADD,1,6016,7,"TEXT EXTRA 400                          ",,,215,400
ADD,1,6016,8,"TEXT EXTRA 50                           ",,,215,525
ADD,1,6016,9,"TEXT EXTRA 500 (1 MONTH)                ",,,330,150
ADD,1,6016,10,"WORLD EXTRA                             ",,,330,275
ADD,1,6017,1,£5,,6100000025561,100,100
ADD,1,6017,2,£10,,6100000025578,100,195
ADD,1,6017,3,£15,,6100000025585,100,290
ADD,1,6017,4,£20,,6100000025592,100,385
ADD,1,6017,5,£50,,6100000025608,100,480
ADD,1,6018,1,£15,,6100000001237,100,100
ADD,1,6019,1,£8,,6100000003309,100,100
ADD,1,6020,1,£5,,6100000008106,100,100
ADD,1,6020,2,£10,,6100000008113,100,195
ADD,1,6020,3,£15,,6100000008120,100,290
ADD,1,6020,4,£20,,6100000008137,100,385
ADD,1,6020,5,£25,,6100000008144,100,480
ADD,1,6020,6,£30,,6100000008151,100,575
ADD,1,6020,7,£40,,6100000008168,195,100
ADD,1,6020,8,£50,,6100000008175,195,195
ADD,1,6021,1,£15,,6100000001220,100,100
ADD,1,6022,1,£12,,6100000003576,100,100
ADD,1,6023,1,£5,,6100000002210,100,100
ADD,1,6023,2,£10,,6100000002180,100,195
ADD,1,6023,3,£20,,6100000002197,100,290
ADD,1,6024,1,£5,,6100000000599,100,100
ADD,1,6024,2,£10,,6100000000605,100,195
ADD,1,6024,3,£20,,6100000000612,100,290
ADD,1,6025,1,£5,,6100000000513,100,100
ADD,1,6026,1,£5,,6100000000551,100,100
ADD,1,6026,2,£10,,6100000000384,100,195
ADD,1,6026,3,£15,,6100000000391,100,290
ADD,1,6026,4,£20,,6100000000438,100,385
ADD,1,6026,5,£25,,6100000000445,100,480
ADD,1,6026,6,£30,,6100000000452,100,575
ADD,1,6026,7,£40,,6100000000469,195,100
ADD,1,6026,8,£50,,6100000000476,195,195
ADD,1,6027,1,£5,,6100000001299,100,100
ADD,1,6027,2,£10,,6100000001275,100,195
ADD,1,6027,3,£20,,6100000000544,100,290
ADD,1,6027,4,£30,,6100000025806,100,385
ADD,1,6027,5,£40,,6100000025813,100,480
ADD,1,6027,6,£45,,6100000025820,100,575
ADD,1,6028,1,£17,,6100000003316,100,100
ADD,1,6029,1,£4,,6100000003535,100,100
ADD,1,6030,1,£5,,6100000025615,100,100
ADD,1,6030,2,£10,,6100000025622,100,195
ADD,1,6030,3,£20,,6100000025639,100,290
ADD,1,6031,1,£5,,6100000009066,100,100
ADD,1,6031,2,£10,,6100000009073,100,195
ADD,1,6031,3,£15,,6100000009080,100,290
ADD,1,6031,4,£20,,6100000009097,100,385
ADD,1,6031,5,£25,,6100000026384,100,480
ADD,1,6031,6,£30,,6100000010017,100,575
ADD,1,6031,7,£40,,6100000010024,195,100
ADD,1,6031,8,£50,,6100000010031,195,195
ADD,1,6032,1,£5,,6100000026315,100,100
ADD,1,6032,2,£10,,6100000026322,100,195
ADD,1,6032,3,£15,,6100000026339,100,290
ADD,1,6032,4,£20,,6100000026346,100,385
ADD,1,6032,5,£30,,6100000026353,100,480
ADD,1,6032,6,£40,,6100000026360,100,575
ADD,1,6032,7,£50,,6100000026377,195,100
ADD,1,6033,1,£5,,6100000002173,100,100
ADD,1,6033,2,£10,,6100000002159,100,195
ADD,1,6033,3,£20,,6100000002166,100,290
ADD,1,6034,1,£5,,6100000025721,100,100
ADD,1,6034,2,£10,,6100000025723,100,195
ADD,1,6034,3,£15,,6100000025745,100,290
ADD,1,6034,4,£20,,6100000025752,100,385
ADD,1,6034,5,£25,,6100000025769,100,480
ADD,1,6034,6,£30,,6100000025776,100,575
ADD,1,6034,7,£40,,6100000025783,195,100
ADD,1,6034,8,£50,,6100000025790,195,195
ADD,1,6035,1,£25,,6100000001206,100,100
ADD,1,6036,1,£4,,6100000003583,100,100
ADD,1,6037,1,£10,,6100000026100,100,100
ADD,1,6037,2,£15,,6100000026124,100,195
ADD,1,6037,3,£20,,6100000026117,100,290
ADD,1,6038,1,£15,,6100000025431,100,100
ADD,1,6039,1,£5,,6100000025646,100,100
ADD,1,6039,2,£10,,6100000025653,100,195
ADD,1,6039,3,£15,,6100000025660,100,290
ADD,1,6039,4,£20,,6100000025677,100,385
ADD,1,6039,5,£30,,6100000025684,100,480
ADD,1,6039,6,£40,,6100000025691,100,575
ADD,1,6039,7,£50,,6100000025714,195,100
ADD,1,6040,1,£20,,6100000001213,100,100
ADD,1,6041,1,£6,,6100000025455,100,100
ADD,1,6042,1,£5,,6100000001107,100,100
ADD,1,6042,2,£10,,6100000001503,100,195
ADD,1,6042,3,£20,,6100000001558,100,290
ADD,1,6043,1,£8,,6100000003545,100,100
ADD,1,6044,1,£10,,6100000025363,100,100
ADD,1,6044,2,£15,,6100000025370,100,195
ADD,1,6044,3,£20,,6100000025387,100,290
ADD,1,6044,4,£25,,6100000025394,100,385
ADD,1,6044,5,£30,,6100000025400,100,480
ADD,1,6044,6,£40,,6100000025417,100,575
ADD,1,6044,7,£50,,6100000025424,195,100
ADD,1,6045,1,£5,,6191514300213,100,100
ADD,1,6045,2,£7,,6191514300220,100,195
ADD,1,6045,3,£10,,6191514300237,100,290
ADD,1,6045,4,£15,,6191514300244,100,385
ADD,1,6045,5,£20,,6191514300251,100,480
ADD,1,6045,6,£30,,6191514300268,100,575
ADD,1,6045,7,£40,,6191514300275,195,100
ADD,1,6045,8,£50,,6191514300282,195,195
ADD,1,6046,1,£15,,6100000003569,100,100
ADD,1,6047,1,£2,,6100000003293,100,100
ADD,1,6048,1,£5,,6100000000537,100,100
ADD,1,6048,2,£10,,6100000000520,100,195
ADD,1,6049,1,£5,,6100000003552,100,100
ADD,1,6050,1,£10,,6100000001268,100,100
ADD,1,6050,2,£15,,6100000001251,100,195
ADD,1,6050,3,£20,,6100000001244,100,290
ADD,1,6050,4,£25,,6100000026391,100,385
ADD,1,6050,5,£30,,6100000026407,100,480
ADD,1,6050,6,£35,,6100000026414,100,575
ADD,1,6050,7,£50,,6100000026421,195,100
ADD,1,6051,1,£1,,6100000025448,100,100
ADD,1,7000,1,£20 Text Pack,,6100000001510,100,100
ADD,1,7000,2,£5 PICTURE PACK,,6100000000988,100,195
ADD,1,7000,3,£5 Text Pack,,6100000001718,100,290
ADD,1,7000,4,£5 Top Up,,6100000000322,100,385
ADD,1,7000,5,£10 Text Pack,,6100000001534,100,480
ADD,1,7000,6,£10 Top Up,,6100000000568,100,575
ADD,1,7000,7,£15 Text Pack,,6100000001411,195,100
ADD,1,7000,8,£15 Top Up,,6100000001541,195,195
ADD,1,7000,9,£15 Voice Pack,,6100000001404,195,290
ADD,1,7000,10,£20 Top Up,,6100000000575,195,385
ADD,1,7000,11,£25 Top Up,,6100000000582,195,480
ADD,1,7000,12,£25 Voice Pack,,6100000009011,195,575
ADD,1,7000,13,£30 Top Up,,6100000000827,290,100
ADD,1,7000,14,£40 Top Up,,6100000000834,290,195
ADD,1,7000,15,£50 Top Up,,6100000000841,290,290
ADD,1,7001,1,£5,,6100000001725,100,100
ADD,1,7001,2,£10,,6100000001732,100,195
ADD,1,7001,3,£15,,6100000000339,100,290
ADD,1,7001,4,£20,,6100000000346,100,385
ADD,1,7001,5,£30,,6100000000506,100,480
ADD,1,7001,6,£40,,6100000000353,100,575
ADD,1,7001,7,£50,,6100000000865,195,100
ADD,1,7002,1,£10,,6100000000872,100,100
ADD,1,7002,2,£15,,6100000000889,100,195
ADD,1,7002,3,£20,,6100000000896,100,290
ADD,1,7002,4,£25,,6100000000902,100,385
ADD,1,7002,5,£30,,6100000000919,100,480
ADD,1,7002,6,£35,,6100000000926,100,575
ADD,1,7002,7,£50,,6100000000933,195,100
ADD,1,7003,1,£5,,6100000001299,100,100
ADD,1,7003,2,£10,,6100000000940,100,195
ADD,1,7003,3,£15,,6100000000957,100,290
ADD,1,7003,4,£20,,6100000000964,100,385
ADD,1,7003,5,£25,,6100000000971,100,480
ADD,1,7003,6,£30,,6100000001008,100,575
ADD,1,7003,7,£35,,6100000001015,195,100
ADD,1,7003,8,£40,,6100000001022,195,195
ADD,1,7003,9,£45,,6100000001039,195,290
ADD,1,7003,10,£50,,6100000001046,195,385
ADD,1,7004,1,£2,,6100000003446,100,100
ADD,1,7004,2,£5,,6100000006652,100,195
ADD,1,7004,3,£10,,6100000006669,100,290
ADD,1,7004,4,£20,,6100000006676,100,385
ADD,1,7005,1,£2,,6100000003453,100,100
ADD,1,7005,2,£5,,6100000006683,100,195
ADD,1,7005,3,£10,,6100000006690,100,290
ADD,1,7005,4,£20,,6100000006706,100,385
ADD,1,7006,1,£5,,6100000001053,100,100
ADD,1,7006,2,£10,,6100000001060,100,195
ADD,1,7006,3,£15,,6100000001091,100,290
ADD,1,7006,4,£20,,6100000001114,100,385
ADD,1,7006,5,£25,,6100000001121,100,480
ADD,1,7006,6,£30,,6100000001138,100,575
ADD,1,7006,7,£35,,6100000001145,195,100
ADD,1,7006,8,£40,,6100000001152,195,195
ADD,1,7006,9,£45,,6100000001169,195,290
ADD,1,7006,10,£50,,6100000001176,195,385
ADD,1,7007,1,£10,,6100000001183,100,100
ADD,1,7007,2,£15,,6100000001190,100,195
ADD,1,7007,3,£20,,6100000000858,100,290
ADD,1,7007,4,£25,,6100000000810,100,385
ADD,1,7007,5,£30,,6100000025837,100,480
ADD,1,7007,6,£35,,6100000000803,100,575
ADD,1,7007,7,£40,,6100000025844,195,100
ADD,1,7007,8,£45,,6100000025851,195,195
ADD,1,7007,9,£50,,6100000009028,195,290
ADD,1,7008,1,£5 TOP UP,,6100000003323,100,100
ADD,1,7008,2,£10 TOP UP,,6100000003330,100,195
ADD,1,7008,3,£20 TOP UP,,6100000003347,100,290
ADD,1,7008,4,£50 TOP UP,,6100000003354,100,385
ADD,1,7009,1,£5 TOP UP,,6100000003361,100,100
ADD,1,7009,2,£10 TOP UP,,6100000003378,100,195
ADD,1,7009,3,£20 TOP UP,,6100000003385,100,290
ADD,1,7009,4,£50 TOP UP,,6100000003392,100,385
ADD,1,7010,1,£5 TOP UP,,6100000003408,100,100
ADD,1,7010,2,£10 TOP UP,,6100000003415,100,195
ADD,1,7010,3,£20 TOP UP,,6100000003422,100,290
ADD,1,7010,4,£50 TOP UP,,6100000003439,100,385
ADD,1,7011,1,£5,,6100000003194,100,100
ADD,1,7011,2,£10,,6100000003217,100,195
ADD,1,7011,3,£20,,6100000003224,100,290
ADD,1,7012,1,£5 BONUS CARD,,6100000007857,100,100
ADD,1,7012,2,£10 BONUS CARD,,6100000007864,100,195
ADD,1,7012,3,£20 BONUS CARD,,6100000007871,100,290
ADD,1,7013,1,£5 DYNAMITECARD,,6100000007949,100,100
ADD,1,7013,2,£10 DYNAMITE CARD,,6100000007956,100,195
ADD,1,7013,3,£20 DYNAMITE CARD,,6100000007963,100,290
ADD,1,7014,1,£5 AFRICALL CARD,,6100000007888,100,100
ADD,1,7014,2,£10 AFRICALL CARD,,6100000007888,100,195
ADD,1,7014,3,£20 AFRICALL CARD,,6100000007895,100,290
ADD,1,7015,1,£5 ASIACALL CARD,,6100000007918,100,100
ADD,1,7015,2,£10 ASIACALL CARD,,6100000007925,100,195
ADD,1,7015,3,£20 AFRICALL CARD,,6100000007932,100,290
ADD,1,7016,1,£5 DYNAMITECARD,,6100000007949,100,100
ADD,1,7016,2,£10 DYNAMITE CARD,,6100000007956,100,195
ADD,1,7016,3,£20 DYNAMITE CARD,,6100000007963,100,290
ADD,1,7017,1,£5 EAGLE CARD,,6100000007970,100,100
ADD,1,7017,2,£10 EAGLE CARD,,6100000007987,100,195
ADD,1,7017,3,£20 EAGLE CARD,,6100000007994,100,290
ADD,1,7018,1,£5 EASTERN EUROPE,,6100000008007,100,100
ADD,1,7018,2,£10 EASTERN EUROP,,6100000008014,100,195
ADD,1,7018,3,£20 EASTERN EUROP,,6100000008021,100,290
ADD,1,7019,1,£5 UNITY CARD,,6100000008038,100,100
ADD,1,7019,2,£10 UNITY CARD,,6100000008045,100,195
ADD,1,7019,3,£20 UNITY CARD,,6100000008045,100,290
ADD,1,7020,1,£5 SUPERCALLING,,6100000008069,100,100
ADD,1,7020,2,£10 SUPERCALLING,,6100000008076,100,195
ADD,1,7020,3,£20 SUPERCALLING,,6100000008083,100,290
ADD,1,7021,1,£5,,6100000003484,100,100
ADD,1,7021,2,£10,,6100000003514,100,195
ADD,1,7021,3,£20,,6100000003521,100,290
ADD,1,7022,1,£5,,6100000003484,100,100
ADD,1,7022,2,£10,,6100000003514,100,195
ADD,1,7022,3,£20,,6100000003521,100,290
ADD,1,7023,1,£5,,6100000003484,100,100
ADD,1,7023,2,£10,,6100000003514,100,195
ADD,1,7023,3,£20,,6100000003521,100,290
ADD,1,7024,1,£5,,6100000006359,100,100
ADD,1,7024,2,£10,,6100000006577,100,195
ADD,1,7024,3,£20,,6100000006584,100,290
ADD,1,7025,1,£5,,6100000006359,100,100
ADD,1,7025,2,£10,,6100000006577,100,195
ADD,1,7025,3,£20,,6100000006584,100,290
ADD,1,7026,1,£5,,6100000006359,100,100
ADD,1,7026,2,£10,,6100000006577,100,195
ADD,1,7026,3,£20,,6100000006584,100,290
ADD,1,7027,1,£5,,6100000006591,100,100
ADD,1,7027,2,£10,,6100000006607,100,195
ADD,1,7027,3,£20,,6100000006614,100,290
ADD,1,7028,1,£5,,6100000006591,100,100
ADD,1,7028,2,£10,,6100000006607,100,195
ADD,1,7028,3,£20,,6100000006614,100,290
ADD,1,7029,1,£5,,6100000006591,100,100
ADD,1,7029,2,£10,,6100000006607,100,195
ADD,1,7029,3,£20,,6100000006614,100,290
ADD,1,7030,1,£5,,6100000006713,100,100
ADD,1,7030,2,£10,,6100000006720,100,195
ADD,1,7030,3,£20,,6100000006737,100,290
ADD,1,7031,1,£5,,6100000006713,100,100
ADD,1,7031,2,£10,,6100000006720,100,195
ADD,1,7031,3,£20,,6100000006737,100,290
ADD,1,7032,1,£5,,6100000006713,100,100
ADD,1,7032,2,£10,,6100000006720,100,195
ADD,1,7032,3,£20,,6100000006737,100,290
ADD,1,7033,1,£5,,6100000006621,100,100
ADD,1,7033,2,£10,,6100000006638,100,195
ADD,1,7033,3,£20,,6100000006645,100,290
ADD,1,7034,1,£5,,6100000006621,100,100
ADD,1,7034,2,£10,,6100000006638,100,195
ADD,1,7034,3,£20,,6100000006645,100,290
ADD,1,7035,1,£5,,6100000006621,100,100
ADD,1,7035,2,£10,,6100000006638,100,195
ADD,1,7035,3,£20,,6100000006645,100,290
ADD,1,7036,1,£5,,6100000025943,100,100
ADD,1,7036,2,£10,,6100000025950,100,195
ADD,1,7036,3,£15,,6100000025967,100,290
ADD,1,7036,4,£20,,6100000025974,100,385
ADD,1,7036,5,£25,,6100000025981,100,480
ADD,1,7036,6,£30,,6100000025998,100,575
ADD,1,7036,7,£40,,6100000026001,195,100
ADD,1,7036,8,£50,,6100000026018,195,195
ADD,1,7037,1,LYCAMOBILE TOPUP,,6100000026025,100,100
ADD,1,7038,1,VECTONE £5 TOP UP,,6100000026131,100,100
ADD,1,7038,2,VECTONE £10 TOPUP,,6100000026148,100,195
ADD,1,7038,3,VECTONE £20 TOPUP,,6100000026155,100,290
ADD,1,7039,1,£5,,6100000026162,100,100
ADD,1,7039,2,£10,,6100000026179,100,195
ADD,1,7039,3,£20,,6100000026186,100,290
ADD,1,7040,1,£5,,6100000026278,100,100
ADD,1,7040,2,£10,,6100000026285,100,195
ADD,1,7040,3,£15,,6100000026292,100,290
ADD,1,7040,4,£20,,6100000026308,100,385
ADD,1,7041,1,£5,,6100000001602,100,100
ADD,1,7041,2,£10,,6100000001602,100,195
ADD,1,7041,3,£20,,6100000001602,100,290
ADD,1,7041,4,£50,,6100000001602,100,385
ADD,1,7041,5,£100,,6100000001602,100,480
ADD,1,7041,6,Other Amount,,6100000001602,100,575
ADD,1,7042,1,£5,,6100000009035,100,100
ADD,1,7042,2,£10,,6100000009035,100,195
ADD,1,7042,3,Other Amount,,6100000009035,100,290
ADD,1,7043,1,£5,,6100000009042,100,100
ADD,1,7043,2,£10,,6100000009042,100,195
ADD,1,7043,3,£20,,6100000009042,100,290
ADD,1,7043,4,£125,,6100000009042,100,385
ADD,1,7043,5,£250,,6100000009042,100,480
ADD,1,7043,6,Other Amount,,6100000009042,100,575
ADD,1,7044,1,£5,,6100000001565,100,100
ADD,1,7044,2,£10,,6100000001565,100,195
ADD,1,7044,3,£20,,6100000001565,100,290
ADD,1,7044,4,£75,,6100000001565,100,385
ADD,1,7044,5,£150,,6100000001565,100,480
ADD,1,7044,6,Other Amount,,6100000001565,100,575
ADD,1,7045,1,£5,,6100000006507,100,100
ADD,1,7045,2,£10,,6100000006507,100,195
ADD,1,7045,3,£20,,6100000006507,100,290
ADD,1,7045,4,Other Amount,,6100000006507,100,385
ADD,1,7046,1,£5,,6100000006507,100,100
ADD,1,7046,2,£10,,6100000006507,100,195
ADD,1,7046,3,£20,,6100000006507,100,290
ADD,1,7046,4,Other Amount,,6100000006507,100,385
ADD,1,7047,1,£5,,6100000006507,100,100
ADD,1,7047,2,£10,,6100000006507,100,195
ADD,1,7047,3,£20,,6100000006507,100,290
ADD,1,7047,4,Other Amount,,6100000006507,100,385
ADD,1,7048,1,£5,,633661232,100,100
ADD,1,7048,2,£10,,633661232,100,195
ADD,1,7048,3,£20,,633661232,100,290
ADD,1,7048,4,£50,,633661232,100,385
ADD,1,7048,5,£100,,633661232,100,480
ADD,1,7048,6,Other Amount,,633661232,100,575
ADD,1,7049,1,£1,,6100000008090,100,100
ADD,1,7049,2,£2,,6100000008090,100,195
ADD,1,7049,3,£4,,6100000008090,100,290
ADD,1,7049,4,£75,,6100000008090,100,385
ADD,1,7049,5,£150,,6100000008090,100,480
ADD,1,7049,6,Other Amount,,6100000008090,100,575
ADD,1,7050,1,£1,,6100000003491,100,100
ADD,1,7050,2,£2,,6100000003491,100,195
ADD,1,7050,3,£4,,6100000003491,100,290
ADD,1,7050,4,£10,,6100000003491,100,385
ADD,1,7050,5,£20,,6100000003491,100,480
ADD,1,7050,6,Other Amount,,6100000003491,100,575
ADD,1,7051,1,£1,,6100000003491,100,100
ADD,1,7051,2,£2,,6100000003491,100,195
ADD,1,7051,3,£4,,6100000003491,100,290
ADD,1,7051,4,£10,,6100000003491,100,385
ADD,1,7051,5,£20,,6100000003491,100,480
ADD,1,7051,6,Other Amount,,6100000003491,100,575
ADD,1,7052,1,£1,,6100000003491,100,100
ADD,1,7052,2,£2,,6100000003491,100,195
ADD,1,7052,3,£4,,6100000003491,100,290
ADD,1,7052,4,£10,,6100000003491,100,385
ADD,1,7052,5,£20,,6100000003491,100,480
ADD,1,7052,6,Other Amount,,6100000003491,100,575
ADD,1,7500,1,Standard,,,100,150
ADD,1,7500,2,Discount,,,100,275
ADD,1,7500,3,Surcharge,,,100,400
ADD,1,7501,1,"One Week £4.00      ",,6100000001329,100,100
ADD,1,7501,2,"One Month £16.00    ",,6100000001312,100,195
ADD,1,7502,1,"One Day £8.00       ",,6100000001350,100,100
ADD,1,7502,2,"One Week £40.00     ",,6100000001343,100,195
ADD,1,7502,3,"One Month £136.00   ",,6100000001336,100,290
